email,label
"Your Amazon order has been shipped successfully","safe"
"Your meeting is scheduled for tomorrow at 10 AM","safe"
"Thank you for registering for our workshop","safe"
"Your electricity bill payment was received","safe"
"Your password was changed successfully","safe"
"Your application has been received and is under review","safe"
"Please find the assignment attached for your review","safe"
"Your monthly bank statement is now available","safe"
"Your flight booking has been confirmed","safe"
"Reminder: Your college class starts at 9 AM tomorrow","safe"
"Your payment receipt is attached","safe"
"Your account profile was updated successfully","safe"
"Your package will arrive tomorrow","safe"
"Thank you for contacting customer support","safe"
"Your interview is scheduled for Monday","safe"
"Your library book is due next week","safe"
"Your subscription has been renewed successfully","safe"
"Your exam timetable is available on the college website","safe"
"Your registration was completed successfully","safe"
"Your scholarship application has been submitted","safe"
"Urgent! Your account will be suspended. Click here immediately","phishing"
"Congratulations! You won a cash prize. Claim it now","phishing"
"Your bank account has been blocked. Verify your details immediately","phishing"
"Your password will expire today. Click this link to continue","phishing"
"Security alert! Confirm your account information now","phishing"
"You have won a lottery prize. Send your bank details to receive it","phishing"
"Your email account will be deleted unless you verify it now","phishing"
"Click here immediately to receive your refund","phishing"
"Urgent payment required or your account will be closed","phishing"
"Verify your banking information to avoid account suspension","phishing"
"Congratulations! You have been selected for a free gift. Claim now","phishing"
"Your computer has been infected. Click here to fix it immediately","phishing"
"Important security notice. Login now to prevent account closure","phishing"
"Your account has unusual activity. Confirm your password now","phishing"
"Claim your exclusive reward by clicking this link","phishing"
